cancer_type,gene,mutation_frequency_pct,rna_log2fc,rna_padj,rna_status,alteration_type,hotspot_alterations,targeted_therapies,clinical_tier,omics_classification,badge
Non-Small Cell Lung Cancer,TP53,54.0,0.3,1.75e-02,Not Significant,Loss-of-Function Missense / Truncation,"R175H, R248Q, R273H, R282W","Clinical trials (WEE1/ATR inhibitors, PRIMA-1MET)",Tier 2 (Prognostic / Trial Stratification),Pure Genomic Driver (Hidden in RNA - Jammed Gas Pedal),[MUTATION-ONLY]
Non-Small Cell Lung Cancer,EGFR,32.0,0.48,6.41e-06,Not Significant,Activating Kinase Mutation / Exon Deletion,"L858R, Exon 19 del (E746_A750del), T790M, C797S","Osimertinib, Gefitinib, Erlotinib, Afatinib",Tier 1A (FDA Approved Standard of Care),Pure Genomic Driver (Hidden in RNA - Jammed Gas Pedal),[MUTATION-ONLY]
Non-Small Cell Lung Cancer,KRAS,30.0,-0.02,8.16e-01,Not Significant,Activating GTPase Point Mutation,"G12C, G12D, G12V, G12A","Sotorasib (Lumakras), Adagrasib (Krazati)",Tier 1A (FDA Approved for G12C),Pure Genomic Driver (Hidden in RNA - Jammed Gas Pedal),[MUTATION-ONLY]
Non-Small Cell Lung Cancer,KEAP1,19.0,0.11,9.29e-02,Not Significant,Loss-of-Function Mutation (NRF2 activation),"R320Q, G333C, D422N","Glutaminase inhibitors (Telaglenastat, trials)",Tier 2 (Prognostic / Metabolic Target),Pure Genomic Driver (Hidden in RNA - Jammed Gas Pedal),[MUTATION-ONLY]
Non-Small Cell Lung Cancer,STK11,17.0,0.07,4.12e-01,Not Significant,Tumor Suppressor Inactivation,"N-terminal truncations, splice site mutations",Resistance biomarker for anti-PD-1 immunotherapy,Tier 1B (Immune Checkpoint Resistance Marker),Pure Genomic Driver (Hidden in RNA - Jammed Gas Pedal),[MUTATION-ONLY]
Non-Small Cell Lung Cancer,ALK,5.0,0.15,6.25e-03,Not Significant,Oncogenic Receptor Tyrosine Kinase Fusion,EML4-ALK chromosomal inversion / fusion,"Alectinib, Brigatinib, Lorlatinib, Crizotinib",Tier 1A (FDA Approved Standard of Care),Pure Genomic Driver (Hidden in RNA - Jammed Gas Pedal),[MUTATION-ONLY]
Non-Small Cell Lung Cancer,BRAF,4.0,-0.05,7.45e-01,Not Significant,Activating Serine/Threonine Kinase Mutation,"V600E, G469A, G466V","Dabrafenib + Trametinib, Encorafenib + Binimetinib",Tier 1A (FDA Approved Standard of Care),Sub-threshold / Context-Dependent,[MINOR]
Non-Small Cell Lung Cancer,MET,3.5,0.45,2.15e-02,Not Significant,Splice Site In-frame Deletion / Copy Gain,"Exon 14 skipping splice site mutations, Amplification","Capmatinib, Tepotinib",Tier 1A (FDA Approved Standard of Care),Sub-threshold / Context-Dependent,[MINOR]
Non-Small Cell Lung Cancer,ERBB2,3.0,0.28,6.74e-04,Not Significant,In-frame Exon 20 Insertion / Copy Gain,Exon 20 insertions (Y772_A775dup),Trastuzumab deruxtecan (Enhertu),Tier 1A (FDA Approved Standard of Care),Sub-threshold / Context-Dependent,[MINOR]
Non-Small Cell Lung Cancer,ROS1,2.0,0.27,1.33e-01,Not Significant,Chromosomal Translocation / Fusion,"CD74-ROS1, SLC34A2-ROS1 fusions","Repotrectinib, Crizotinib, Entrectinib",Tier 1A (FDA Approved Standard of Care),Sub-threshold / Context-Dependent,[MINOR]
Non-Small Cell Lung Cancer,SPOCK2,0.5,-1.89,5.32e-33,Downregulated,Transcriptional Dysregulation (Stromal Desmoplasia / Lineage Loss),None (Epigenetic / Microenvironment Activation),"Stromal ECM modifiers, anti-fibrotic clinical trials",Diagnostic / Prognostic Biomarker,Pure Transcriptomic Driver (Stromal/Immune Remodeling),[RNA-DRIVEN]
Non-Small Cell Lung Cancer,AGER,0.5,-3.93,1.17e-30,Downregulated,Transcriptional Dysregulation (Stromal Desmoplasia / Lineage Loss),None (Epigenetic / Microenvironment Activation),"Stromal ECM modifiers, anti-fibrotic clinical trials",Diagnostic / Prognostic Biomarker,Pure Transcriptomic Driver (Stromal/Immune Remodeling),[RNA-DRIVEN]
Non-Small Cell Lung Cancer,COL10A1,0.5,4.03,3.86e-23,Upregulated,Transcriptional Dysregulation (Stromal Desmoplasia / Lineage Loss),None (Epigenetic / Microenvironment Activation),"Stromal ECM modifiers, anti-fibrotic clinical trials",Diagnostic / Prognostic Biomarker,Pure Transcriptomic Driver (Stromal/Immune Remodeling),[RNA-DRIVEN]
Non-Small Cell Lung Cancer,COL11A1,0.5,2.97,2.13e-13,Upregulated,Transcriptional Dysregulation (Stromal Desmoplasia / Lineage Loss),None (Epigenetic / Microenvironment Activation),"Stromal ECM modifiers, anti-fibrotic clinical trials",Diagnostic / Prognostic Biomarker,Pure Transcriptomic Driver (Stromal/Immune Remodeling),[RNA-DRIVEN]
Non-Small Cell Lung Cancer,LGR5,0.5,0.42,3.03e-02,Not Significant,Transcriptional Dysregulation (Stromal Desmoplasia / Lineage Loss),None (Epigenetic / Microenvironment Activation),"Stromal ECM modifiers, anti-fibrotic clinical trials",Diagnostic / Prognostic Biomarker,Pure Transcriptomic Driver (Stromal/Immune Remodeling),[RNA-DRIVEN]
Non-Small Cell Lung Cancer,AXIN2,0.5,-0.08,4.63e-01,Not Significant,Transcriptional Dysregulation (Stromal Desmoplasia / Lineage Loss),None (Epigenetic / Microenvironment Activation),"Stromal ECM modifiers, anti-fibrotic clinical trials",Diagnostic / Prognostic Biomarker,Pure Transcriptomic Driver (Stromal/Immune Remodeling),[RNA-DRIVEN]
